{
    "books":[
            {
            "book": "Genesis",
            "chapters": [
                {"verses": 31},
                {"verses": 25},
                {"verses": 24},
                {"verses": 26},
                {"verses": 32},
                {"verses": 22},
                {"verses": 24},
                {"verses": 22},
                {"verses": 29},
                {"verses": 32},
                {"verses": 32},
                {"verses": 20},
                {"verses": 18},
                {"verses": 24},
                {"verses": 21},
                {"verses": 16},
                {"verses": 27},
                {"verses": 33},
                {"verses": 38},
                {"verses": 18},
                {"verses": 34},
                {"verses": 24},
                {"verses": 20},
                {"verses": 67},
                {"verses": 34},
                {"verses": 35},
                {"verses": 46},
                {"verses": 22},
                {"verses": 35},
                {"verses": 43},
                {"verses": 55},
                {"verses": 32},
                {"verses": 20},
                {"verses": 31},
                {"verses": 29},
                {"verses": 43},
                {"verses": 36},
                {"verses": 30},
                {"verses": 23},
                {"verses": 23},
                {"verses": 57},
                {"verses": 38},
                {"verses": 34},
                {"verses": 34},
                {"verses": 28},
                {"verses": 34},
                {"verses": 31},
                {"verses": 22},
                {"verses": 33},
                {"verses": 26}
            ]
        },
            {
            "book": "Exodus",
            "chapters": [
                {"verses": 22},
                {"verses": 25},
                {"verses": 22},
                {"verses": 31},
                {"verses": 23},
                {"verses": 30},
                {"verses": 25},
                {"verses": 32},
                {"verses": 35},
                {"verses": 29},
                {"verses": 10},
                {"verses": 51},
                {"verses": 22},
                {"verses": 31},
                {"verses": 27},
                {"verses": 36},
                {"verses": 16},
                {"verses": 27},
                {"verses": 25},
                {"verses": 26},
                {"verses": 36},
                {"verses": 31},
                {"verses": 33},
                {"verses": 18},
                {"verses": 40},
                {"verses": 37},
                {"verses": 21},
                {"verses": 43},
                {"verses": 46},
                {"verses": 38},
                {"verses": 18},
                {"verses": 35},
                {"verses": 23},
                {"verses": 35},
                {"verses": 35},
                {"verses": 38},
                {"verses": 29},
                {"verses": 31},
                {"verses": 43},
                {"verses": 38}
            ]
        },
            {
            "book": "Leviticus",
            "chapters": [
                {"verses": 17},
                {"verses": 16},
                {"verses": 17},
                {"verses": 35},
                {"verses": 19},
                {"verses": 30},
                {"verses": 38},
                {"verses": 36},
                {"verses": 24},
                {"verses": 20},
                {"verses": 47},
                {"verses": 8},
                {"verses": 59},
                {"verses": 57},
                {"verses": 33},
                {"verses": 34},
                {"verses": 16},
                {"verses": 30},
                {"verses": 37},
                {"verses": 27},
                {"verses": 24},
                {"verses": 33},
                {"verses": 44},
                {"verses": 23},
                {"verses": 55},
                {"verses": 46},
                {"verses": 34}
            ]
        },
            {
            "book": "Numbers",
            "chapters": [
                {"verses": 54},
                {"verses": 34},
                {"verses": 51},
                {"verses": 49},
                {"verses": 31},
                {"verses": 27},
                {"verses": 89},
                {"verses": 26},
                {"verses": 23},
                {"verses": 36},
                {"verses": 35},
                {"verses": 16},
                {"verses": 33},
                {"verses": 45},
                {"verses": 41},
                {"verses": 50},
                {"verses": 13},
                {"verses": 32},
                {"verses": 22},
                {"verses": 29},
                {"verses": 35},
                {"verses": 41},
                {"verses": 30},
                {"verses": 25},
                {"verses": 18},
                {"verses": 65},
                {"verses": 23},
                {"verses": 31},
                {"verses": 40},
                {"verses": 16},
                {"verses": 54},
                {"verses": 42},
                {"verses": 56},
                {"verses": 29},
                {"verses": 34},
                {"verses": 13}
            ]
        },
            {
            "book": "Deuteronomy",
            "chapters": [
                {"verses": 46},
                {"verses": 37},
                {"verses": 29},
                {"verses": 49},
                {"verses": 33},
                {"verses": 25},
                {"verses": 26},
                {"verses": 20},
                {"verses": 29},
                {"verses": 22},
                {"verses": 32},
                {"verses": 32},
                {"verses": 18},
                {"verses": 29},
                {"verses": 23},
                {"verses": 22},
                {"verses": 20},
                {"verses": 22},
                {"verses": 21},
                {"verses": 20},
                {"verses": 23},
                {"verses": 30},
                {"verses": 25},
                {"verses": 22},
                {"verses": 19},
                {"verses": 19},
                {"verses": 26},
                {"verses": 68},
                {"verses": 29},
                {"verses": 20},
                {"verses": 30},
                {"verses": 52},
                {"verses": 29},
                {"verses": 12}
            ]
        },
            {
            "book": "Joshua",
            "chapters": [
                {"verses": 18},
                {"verses": 24},
                {"verses": 17},
                {"verses": 24},
                {"verses": 15},
                {"verses": 27},
                {"verses": 26},
                {"verses": 35},
                {"verses": 27},
                {"verses": 43},
                {"verses": 23},
                {"verses": 24},
                {"verses": 33},
                {"verses": 15},
                {"verses": 63},
                {"verses": 10},
                {"verses": 18},
                {"verses": 28},
                {"verses": 51},
                {"verses": 9},
                {"verses": 45},
                {"verses": 34},
                {"verses": 16},
                {"verses": 33}
            ]
        },
            {
            "book": "Judges",
            "chapters": [
                {"verses": 36},
                {"verses": 23},
                {"verses": 31},
                {"verses": 24},
                {"verses": 31},
                {"verses": 40},
                {"verses": 25},
                {"verses": 35},
                {"verses": 57},
                {"verses": 18},
                {"verses": 40},
                {"verses": 15},
                {"verses": 25},
                {"verses": 20},
                {"verses": 20},
                {"verses": 31},
                {"verses": 13},
                {"verses": 31},
                {"verses": 30},
                {"verses": 48},
                {"verses": 25}
            ]
        },
            {
            "book": "Ruth",
            "chapters": [
                {"verses": 22},
                {"verses": 23},
                {"verses": 18},
                {"verses": 22}
            ]
        },
            {
            "book": "1 Samuel",
            "chapters": [
                {"verses": 28},
                {"verses": 36},
                {"verses": 21},
                {"verses": 22},
                {"verses": 12},
                {"verses": 21},
                {"verses": 17},
                {"verses": 22},
                {"verses": 27},
                {"verses": 27},
                {"verses": 15},
                {"verses": 25},
                {"verses": 23},
                {"verses": 52},
                {"verses": 35},
                {"verses": 23},
                {"verses": 58},
                {"verses": 30},
                {"verses": 24},
                {"verses": 42},
                {"verses": 15},
                {"verses": 23},
                {"verses": 29},
                {"verses": 22},
                {"verses": 44},
                {"verses": 25},
                {"verses": 12},
                {"verses": 25},
                {"verses": 11},
                {"verses": 31},
                {"verses": 13}
            ]
        },
            {
            "book": "2 Samuel",
            "chapters": [
                {"verses": 27},
                {"verses": 32},
                {"verses": 39},
                {"verses": 12},
                {"verses": 25},
                {"verses": 23},
                {"verses": 29},
                {"verses": 18},
                {"verses": 13},
                {"verses": 19},
                {"verses": 27},
                {"verses": 31},
                {"verses": 39},
                {"verses": 33},
                {"verses": 37},
                {"verses": 23},
                {"verses": 29},
                {"verses": 33},
                {"verses": 43},
                {"verses": 26},
                {"verses": 22},
                {"verses": 51},
                {"verses": 39},
                {"verses": 25}
            ]
        },
            {
            "book": "1 Kings",
            "chapters": [
                {"verses": 53},
                {"verses": 46},
                {"verses": 28},
                {"verses": 34},
                {"verses": 18},
                {"verses": 38},
                {"verses": 51},
                {"verses": 66},
                {"verses": 28},
                {"verses": 29},
                {"verses": 43},
                {"verses": 33},
                {"verses": 34},
                {"verses": 31},
                {"verses": 34},
                {"verses": 34},
                {"verses": 24},
                {"verses": 46},
                {"verses": 21},
                {"verses": 43},
                {"verses": 29},
                {"verses": 53}
            ]
        },
            {
            "book": "2 Kings",
            "chapters": [
                {"verses": 18},
                {"verses": 25},
                {"verses": 27},
                {"verses": 44},
                {"verses": 27},
                {"verses": 33},
                {"verses": 20},
                {"verses": 29},
                {"verses": 37},
                {"verses": 36},
                {"verses": 21},
                {"verses": 21},
                {"verses": 25},
                {"verses": 29},
                {"verses": 38},
                {"verses": 20},
                {"verses": 41},
                {"verses": 37},
                {"verses": 37},
                {"verses": 21},
                {"verses": 26},
                {"verses": 20},
                {"verses": 37},
                {"verses": 20},
                {"verses": 30}
            ]
        },
            {
            "book": "1 Chronicles",
            "chapters": [
                {"verses": 54},
                {"verses": 55},
                {"verses": 24},
                {"verses": 43},
                {"verses": 26},
                {"verses": 81},
                {"verses": 40},
                {"verses": 40},
                {"verses": 44},
                {"verses": 14},
                {"verses": 47},
                {"verses": 40},
                {"verses": 14},
                {"verses": 17},
                {"verses": 29},
                {"verses": 43},
                {"verses": 27},
                {"verses": 17},
                {"verses": 19},
                {"verses": 8},
                {"verses": 30},
                {"verses": 19},
                {"verses": 32},
                {"verses": 31},
                {"verses": 31},
                {"verses": 32},
                {"verses": 34},
                {"verses": 21},
                {"verses": 30}
            ]
        },
            {
            "book": "2 Chronicles",
            "chapters": [
                {"verses": 17},
                {"verses": 18},
                {"verses": 17},
                {"verses": 22},
                {"verses": 14},
                {"verses": 42},
                {"verses": 22},
                {"verses": 18},
                {"verses": 31},
                {"verses": 19},
                {"verses": 23},
                {"verses": 16},
                {"verses": 22},
                {"verses": 15},
                {"verses": 19},
                {"verses": 14},
                {"verses": 19},
                {"verses": 34},
                {"verses": 11},
                {"verses": 37},
                {"verses": 20},
                {"verses": 12},
                {"verses": 21},
                {"verses": 27},
                {"verses": 28},
                {"verses": 23},
                {"verses": 9},
                {"verses": 27},
                {"verses": 36},
                {"verses": 27},
                {"verses": 21},
                {"verses": 33},
                {"verses": 25},
                {"verses": 33},
                {"verses": 27},
                {"verses": 23}
            ]
        },
            {
            "book": "Ezra",
            "chapters": [
                {"verses": 11},
                {"verses": 70},
                {"verses": 13},
                {"verses": 24},
                {"verses": 17},
                {"verses": 22},
                {"verses": 28},
                {"verses": 36},
                {"verses": 15},
                {"verses": 44}
            ]
        },
            {
            "book": "Nehemiah",
            "chapters": [
                {"verses": 11},
                {"verses": 20},
                {"verses": 32},
                {"verses": 23},
                {"verses": 19},
                {"verses": 19},
                {"verses": 73},
                {"verses": 18},
                {"verses": 38},
                {"verses": 39},
                {"verses": 36},
                {"verses": 47},
                {"verses": 31}
            ]
        },
            {
            "book": "Esther",
            "chapters": [
                {"verses": 22},
                {"verses": 23},
                {"verses": 15},
                {"verses": 17},
                {"verses": 14},
                {"verses": 14},
                {"verses": 10},
                {"verses": 17},
                {"verses": 32},
                {"verses": 3}
            ]
        },
            {
            "book": "Job",
            "chapters": [
                {"verses": 22},
                {"verses": 13},
                {"verses": 26},
                {"verses": 21},
                {"verses": 27},
                {"verses": 30},
                {"verses": 21},
                {"verses": 22},
                {"verses": 35},
                {"verses": 22},
                {"verses": 20},
                {"verses": 25},
                {"verses": 28},
                {"verses": 22},
                {"verses": 35},
                {"verses": 22},
                {"verses": 16},
                {"verses": 21},
                {"verses": 29},
                {"verses": 29},
                {"verses": 34},
                {"verses": 30},
                {"verses": 17},
                {"verses": 25},
                {"verses": 6},
                {"verses": 14},
                {"verses": 23},
                {"verses": 28},
                {"verses": 25},
                {"verses": 31},
                {"verses": 40},
                {"verses": 22},
                {"verses": 33},
                {"verses": 37},
                {"verses": 16},
                {"verses": 33},
                {"verses": 24},
                {"verses": 41},
                {"verses": 30},
                {"verses": 24},
                {"verses": 34},
                {"verses": 17}
            ]
        },
            {
            "book": "Psalm",
            "chapters": [
                {"verses": 6},
                {"verses": 12},
                {"verses": 8},
                {"verses": 8},
                {"verses": 12},
                {"verses": 10},
                {"verses": 17},
                {"verses": 9},
                {"verses": 20},
                {"verses": 18},
                {"verses": 7},
                {"verses": 8},
                {"verses": 6},
                {"verses": 7},
                {"verses": 5},
                {"verses": 11},
                {"verses": 15},
                {"verses": 50},
                {"verses": 14},
                {"verses": 9},
                {"verses": 13},
                {"verses": 31},
                {"verses": 6},
                {"verses": 10},
                {"verses": 22},
                {"verses": 12},
                {"verses": 14},
                {"verses": 9},
                {"verses": 11},
                {"verses": 12},
                {"verses": 24},
                {"verses": 11},
                {"verses": 22},
                {"verses": 22},
                {"verses": 28},
                {"verses": 12},
                {"verses": 40},
                {"verses": 22},
                {"verses": 13},
                {"verses": 17},
                {"verses": 13},
                {"verses": 11},
                {"verses": 5},
                {"verses": 26},
                {"verses": 17},
                {"verses": 11},
                {"verses": 9},
                {"verses": 14},
                {"verses": 20},
                {"verses": 23},
                {"verses": 19},
                {"verses": 9},
                {"verses": 6},
                {"verses": 7},
                {"verses": 23},
                {"verses": 13},
                {"verses": 11},
                {"verses": 11},
                {"verses": 17},
                {"verses": 12},
                {"verses": 8},
                {"verses": 12},
                {"verses": 11},
                {"verses": 10},
                {"verses": 13},
                {"verses": 20},
                {"verses": 7},
                {"verses": 35},
                {"verses": 36},
                {"verses": 5},
                {"verses": 24},
                {"verses": 20},
                {"verses": 28},
                {"verses": 23},
                {"verses": 10},
                {"verses": 12},
                {"verses": 20},
                {"verses": 72},
                {"verses": 13},
                {"verses": 19},
                {"verses": 16},
                {"verses": 8},
                {"verses": 18},
                {"verses": 12},
                {"verses": 13},
                {"verses": 17},
                {"verses": 7},
                {"verses": 18},
                {"verses": 52},
                {"verses": 17},
                {"verses": 16},
                {"verses": 15},
                {"verses": 5},
                {"verses": 23},
                {"verses": 11},
                {"verses": 13},
                {"verses": 12},
                {"verses": 9},
                {"verses": 9},
                {"verses": 5},
                {"verses": 8},
                {"verses": 28},
                {"verses": 22},
                {"verses": 35},
                {"verses": 45},
                {"verses": 48},
                {"verses": 43},
                {"verses": 13},
                {"verses": 31},
                {"verses": 7},
                {"verses": 10},
                {"verses": 10},
                {"verses": 9},
                {"verses": 8},
                {"verses": 18},
                {"verses": 19},
                {"verses": 2},
                {"verses": 29},
                {"verses": 176},
                {"verses": 7},
                {"verses": 8},
                {"verses": 9},
                {"verses": 4},
                {"verses": 8},
                {"verses": 5},
                {"verses": 6},
                {"verses": 5},
                {"verses": 6},
                {"verses": 8},
                {"verses": 8},
                {"verses": 3},
                {"verses": 18},
                {"verses": 3},
                {"verses": 3},
                {"verses": 21},
                {"verses": 26},
                {"verses": 9},
                {"verses": 8},
                {"verses": 24},
                {"verses": 13},
                {"verses": 10},
                {"verses": 7},
                {"verses": 12},
                {"verses": 15},
                {"verses": 21},
                {"verses": 10},
                {"verses": 20},
                {"verses": 14},
                {"verses": 9},
                {"verses": 6}
            ]
        },
            {
            "book": "Proverbs",
            "chapters": [
                {"verses": 33},
                {"verses": 22},
                {"verses": 35},
                {"verses": 27},
                {"verses": 23},
                {"verses": 35},
                {"verses": 27},
                {"verses": 36},
                {"verses": 18},
                {"verses": 32},
                {"verses": 31},
                {"verses": 28},
                {"verses": 25},
                {"verses": 35},
                {"verses": 33},
                {"verses": 33},
                {"verses": 28},
                {"verses": 24},
                {"verses": 29},
                {"verses": 30},
                {"verses": 31},
                {"verses": 29},
                {"verses": 35},
                {"verses": 34},
                {"verses": 28},
                {"verses": 28},
                {"verses": 27},
                {"verses": 28},
                {"verses": 27},
                {"verses": 33},
                {"verses": 31}
            ]
        },
            {
            "book": "Ecclesiastes",
            "chapters": [
                {"verses": 18},
                {"verses": 26},
                {"verses": 22},
                {"verses": 16},
                {"verses": 20},
                {"verses": 12},
                {"verses": 29},
                {"verses": 17},
                {"verses": 18},
                {"verses": 20},
                {"verses": 10},
                {"verses": 14}
            ]
        },
            {
            "book": "Song of Solomon",
            "chapters": [
                {"verses": 17},
                {"verses": 17},
                {"verses": 11},
                {"verses": 16},
                {"verses": 16},
                {"verses": 13},
                {"verses": 13},
                {"verses": 14}
            ]
        },
            {
            "book": "Isaiah",
            "chapters": [
                {"verses": 31},
                {"verses": 22},
                {"verses": 26},
                {"verses": 6},
                {"verses": 30},
                {"verses": 13},
                {"verses": 25},
                {"verses": 22},
                {"verses": 21},
                {"verses": 34},
                {"verses": 16},
                {"verses": 6},
                {"verses": 22},
                {"verses": 32},
                {"verses": 9},
                {"verses": 14},
                {"verses": 14},
                {"verses": 7},
                {"verses": 25},
                {"verses": 6},
                {"verses": 17},
                {"verses": 25},
                {"verses": 18},
                {"verses": 23},
                {"verses": 12},
                {"verses": 21},
                {"verses": 13},
                {"verses": 29},
                {"verses": 24},
                {"verses": 33},
                {"verses": 9},
                {"verses": 20},
                {"verses": 24},
                {"verses": 17},
                {"verses": 10},
                {"verses": 22},
                {"verses": 38},
                {"verses": 22},
                {"verses": 8},
                {"verses": 31},
                {"verses": 29},
                {"verses": 25},
                {"verses": 28},
                {"verses": 28},
                {"verses": 25},
                {"verses": 13},
                {"verses": 15},
                {"verses": 22},
                {"verses": 26},
                {"verses": 11},
                {"verses": 23},
                {"verses": 15},
                {"verses": 12},
                {"verses": 17},
                {"verses": 13},
                {"verses": 12},
                {"verses": 21},
                {"verses": 14},
                {"verses": 21},
                {"verses": 22},
                {"verses": 11},
                {"verses": 12},
                {"verses": 19},
                {"verses": 12},
                {"verses": 25},
                {"verses": 24}
            ]
        },
            {
            "book": "Jeremiah",
            "chapters": [
                {"verses": 19},
                {"verses": 37},
                {"verses": 25},
                {"verses": 31},
                {"verses": 31},
                {"verses": 30},
                {"verses": 34},
                {"verses": 22},
                {"verses": 26},
                {"verses": 25},
                {"verses": 23},
                {"verses": 17},
                {"verses": 27},
                {"verses": 22},
                {"verses": 21},
                {"verses": 21},
                {"verses": 27},
                {"verses": 23},
                {"verses": 15},
                {"verses": 18},
                {"verses": 14},
                {"verses": 30},
                {"verses": 40},
                {"verses": 10},
                {"verses": 38},
                {"verses": 24},
                {"verses": 22},
                {"verses": 17},
                {"verses": 32},
                {"verses": 24},
                {"verses": 40},
                {"verses": 44},
                {"verses": 26},
                {"verses": 22},
                {"verses": 19},
                {"verses": 32},
                {"verses": 21},
                {"verses": 28},
                {"verses": 18},
                {"verses": 16},
                {"verses": 18},
                {"verses": 22},
                {"verses": 13},
                {"verses": 30},
                {"verses": 5},
                {"verses": 28},
                {"verses": 7},
                {"verses": 47},
                {"verses": 39},
                {"verses": 46},
                {"verses": 64},
                {"verses": 34}
            ]
        },
            {
            "book": "Lamentations",
            "chapters": [
                {"verses": 22},
                {"verses": 22},
                {"verses": 66},
                {"verses": 22},
                {"verses": 22}
            ]
        },
            {
            "book": "Ezekiel",
            "chapters": [
                {"verses": 28},
                {"verses": 10},
                {"verses": 27},
                {"verses": 17},
                {"verses": 17},
                {"verses": 14},
                {"verses": 27},
                {"verses": 18},
                {"verses": 11},
                {"verses": 22},
                {"verses": 25},
                {"verses": 28},
                {"verses": 23},
                {"verses": 23},
                {"verses": 8},
                {"verses": 63},
                {"verses": 24},
                {"verses": 32},
                {"verses": 14},
                {"verses": 49},
                {"verses": 32},
                {"verses": 31},
                {"verses": 49},
                {"verses": 27},
                {"verses": 17},
                {"verses": 21},
                {"verses": 36},
                {"verses": 26},
                {"verses": 21},
                {"verses": 26},
                {"verses": 18},
                {"verses": 32},
                {"verses": 33},
                {"verses": 31},
                {"verses": 15},
                {"verses": 38},
                {"verses": 28},
                {"verses": 23},
                {"verses": 29},
                {"verses": 49},
                {"verses": 26},
                {"verses": 20},
                {"verses": 27},
                {"verses": 31},
                {"verses": 25},
                {"verses": 24},
                {"verses": 23},
                {"verses": 35}
            ]
        },
            {
            "book": "Daniel",
            "chapters": [
                {"verses": 21},
                {"verses": 49},
                {"verses": 30},
                {"verses": 37},
                {"verses": 31},
                {"verses": 28},
                {"verses": 28},
                {"verses": 27},
                {"verses": 27},
                {"verses": 21},
                {"verses": 45},
                {"verses": 13}
            ]
        },
            {
            "book": "Hosea",
            "chapters": [
                {"verses": 11},
                {"verses": 23},
                {"verses": 5},
                {"verses": 19},
                {"verses": 15},
                {"verses": 11},
                {"verses": 16},
                {"verses": 14},
                {"verses": 17},
                {"verses": 15},
                {"verses": 12},
                {"verses": 14},
                {"verses": 16},
                {"verses": 9}
            ]
        },
            {
            "book": "Joel",
            "chapters": [
                {"verses": 20},
                {"verses": 32},
                {"verses": 21}
            ]
        },
            {
            "book": "Amos",
            "chapters": [
                {"verses": 15},
                {"verses": 16},
                {"verses": 15},
                {"verses": 13},
                {"verses": 27},
                {"verses": 14},
                {"verses": 17},
                {"verses": 14},
                {"verses": 15}
            ]
        },
            {
            "book": "Obadiah",
            "chapters": [
                {"verses": 21}
            ]
        },
            {
            "book": "Jonah",
            "chapters": [
                {"verses": 17},
                {"verses": 10},
                {"verses": 10},
                {"verses": 11}
            ]
        },
            {
            "book": "Micah",
            "chapters": [
                {"verses": 16},
                {"verses": 13},
                {"verses": 12},
                {"verses": 13},
                {"verses": 15},
                {"verses": 16},
                {"verses": 20}
            ]
        },
            {
            "book": "Nahum",
            "chapters": [
                {"verses": 15},
                {"verses": 13},
                {"verses": 19}
            ]
        },
            {
            "book": "Habakkuk",
            "chapters": [
                {"verses": 17},
                {"verses": 20},
                {"verses": 19}
            ]
        },
            {
            "book": "Zephaniah",
            "chapters": [
                {"verses": 18},
                {"verses": 15},
                {"verses": 20}
            ]
        },
            {
            "book": "Haggai",
            "chapters": [
                {"verses": 15},
                {"verses": 23}
            ]
        },
            {
            "book": "Zechariah",
            "chapters": [
                {"verses": 21},
                {"verses": 13},
                {"verses": 10},
                {"verses": 14},
                {"verses": 11},
                {"verses": 15},
                {"verses": 14},
                {"verses": 23},
                {"verses": 17},
                {"verses": 12},
                {"verses": 17},
                {"verses": 14},
                {"verses": 9},
                {"verses": 21}
            ]
        },
            {
            "book": "Malachi",
            "chapters": [
                {"verses": 14},
                {"verses": 17},
                {"verses": 18},
                {"verses": 6}
            ]
        },
            {
            "book": "Matthew",
            "chapters": [
                {"verses": 25},
                {"verses": 23},
                {"verses": 17},
                {"verses": 25},
                {"verses": 48},
                {"verses": 34},
                {"verses": 29},
                {"verses": 34},
                {"verses": 38},
                {"verses": 42},
                {"verses": 30},
                {"verses": 50},
                {"verses": 58},
                {"verses": 36},
                {"verses": 39},
                {"verses": 28},
                {"verses": 27},
                {"verses": 35},
                {"verses": 30},
                {"verses": 34},
                {"verses": 46},
                {"verses": 46},
                {"verses": 39},
                {"verses": 51},
                {"verses": 46},
                {"verses": 75},
                {"verses": 66},
                {"verses": 20}
            ]
        },
            {
            "book": "Mark",
            "chapters": [
                {"verses": 45},
                {"verses": 28},
                {"verses": 35},
                {"verses": 41},
                {"verses": 43},
                {"verses": 56},
                {"verses": 37},
                {"verses": 38},
                {"verses": 50},
                {"verses": 52},
                {"verses": 33},
                {"verses": 44},
                {"verses": 37},
                {"verses": 72},
                {"verses": 47},
                {"verses": 20}
            ]
        },
            {
            "book": "Luke",
            "chapters": [
                {"verses": 80},
                {"verses": 52},
                {"verses": 38},
                {"verses": 44},
                {"verses": 39},
                {"verses": 49},
                {"verses": 50},
                {"verses": 56},
                {"verses": 62},
                {"verses": 42},
                {"verses": 54},
                {"verses": 59},
                {"verses": 35},
                {"verses": 35},
                {"verses": 32},
                {"verses": 31},
                {"verses": 37},
                {"verses": 43},
                {"verses": 48},
                {"verses": 47},
                {"verses": 38},
                {"verses": 71},
                {"verses": 56},
                {"verses": 53}
            ]
        },
            {
            "book": "John",
            "chapters": [
                {"verses": 51},
                {"verses": 25},
                {"verses": 36},
                {"verses": 54},
                {"verses": 47},
                {"verses": 71},
                {"verses": 53},
                {"verses": 59},
                {"verses": 41},
                {"verses": 42},
                {"verses": 57},
                {"verses": 50},
                {"verses": 38},
                {"verses": 31},
                {"verses": 27},
                {"verses": 33},
                {"verses": 26},
                {"verses": 40},
                {"verses": 42},
                {"verses": 31},
                {"verses": 25}
            ]
        },
            {
            "book": "Acts",
            "chapters": [
                {"verses": 26},
                {"verses": 47},
                {"verses": 26},
                {"verses": 37},
                {"verses": 42},
                {"verses": 15},
                {"verses": 60},
                {"verses": 40},
                {"verses": 43},
                {"verses": 48},
                {"verses": 30},
                {"verses": 25},
                {"verses": 52},
                {"verses": 28},
                {"verses": 41},
                {"verses": 40},
                {"verses": 34},
                {"verses": 28},
                {"verses": 41},
                {"verses": 38},
                {"verses": 40},
                {"verses": 30},
                {"verses": 35},
                {"verses": 27},
                {"verses": 27},
                {"verses": 32},
                {"verses": 44},
                {"verses": 31}
            ]
        },
            {
            "book": "Romans",
            "chapters": [
                {"verses": 32},
                {"verses": 29},
                {"verses": 31},
                {"verses": 25},
                {"verses": 21},
                {"verses": 23},
                {"verses": 25},
                {"verses": 39},
                {"verses": 33},
                {"verses": 21},
                {"verses": 36},
                {"verses": 21},
                {"verses": 14},
                {"verses": 23},
                {"verses": 33},
                {"verses": 27}
            ]
        },
            {
            "book": "1 Corinthians",
            "chapters": [
                {"verses": 31},
                {"verses": 16},
                {"verses": 23},
                {"verses": 21},
                {"verses": 13},
                {"verses": 20},
                {"verses": 40},
                {"verses": 13},
                {"verses": 27},
                {"verses": 33},
                {"verses": 34},
                {"verses": 31},
                {"verses": 13},
                {"verses": 40},
                {"verses": 58},
                {"verses": 24}
            ]
        },
            {
            "book": "2 Corinthians",
            "chapters": [
                {"verses": 24},
                {"verses": 17},
                {"verses": 18},
                {"verses": 18},
                {"verses": 21},
                {"verses": 18},
                {"verses": 16},
                {"verses": 24},
                {"verses": 15},
                {"verses": 18},
                {"verses": 33},
                {"verses": 21},
                {"verses": 14}
            ]
        },
            {
            "book": "Galatians",
            "chapters": [
                {"verses": 24},
                {"verses": 21},
                {"verses": 29},
                {"verses": 31},
                {"verses": 26},
                {"verses": 18}
            ]
        },
            {
            "book": "Ephesians",
            "chapters": [
                {"verses": 23},
                {"verses": 22},
                {"verses": 21},
                {"verses": 32},
                {"verses": 33},
                {"verses": 24}
            ]
        },
            {
            "book": "Philippians",
            "chapters": [
                {"verses": 30},
                {"verses": 30},
                {"verses": 21},
                {"verses": 23}
            ]
        },
            {
            "book": "Colossians",
            "chapters": [
                {"verses": 29},
                {"verses": 23},
                {"verses": 25},
                {"verses": 18}
            ]
        },
            {
            "book": "1 Thessalonians",
            "chapters": [
                {"verses": 10},
                {"verses": 20},
                {"verses": 13},
                {"verses": 18},
                {"verses": 28}
            ]
        },
            {
            "book": "2 Thessalonians",
            "chapters": [
                {"verses": 12},
                {"verses": 17},
                {"verses": 18}
            ]
        },
            {
            "book": "1 Timothy",
            "chapters": [
                {"verses": 20},
                {"verses": 15},
                {"verses": 16},
                {"verses": 16},
                {"verses": 25},
                {"verses": 21}
            ]
        },
            {
            "book": "2 Timothy",
            "chapters": [
                {"verses": 18},
                {"verses": 26},
                {"verses": 17},
                {"verses": 22}
            ]
        },
            {
            "book": "Titus",
            "chapters": [
                {"verses": 16},
                {"verses": 15},
                {"verses": 15}
            ]
        },
            {
            "book": "Philemon",
            "chapters": [
                {"verses": 25}
            ]
        },
            {
            "book": "Hebrews",
            "chapters": [
                {"verses": 14},
                {"verses": 18},
                {"verses": 19},
                {"verses": 16},
                {"verses": 14},
                {"verses": 20},
                {"verses": 28},
                {"verses": 13},
                {"verses": 28},
                {"verses": 39},
                {"verses": 40},
                {"verses": 29},
                {"verses": 25}
            ]
        },
            {
            "book": "James",
            "chapters": [
                {"verses": 27},
                {"verses": 26},
                {"verses": 18},
                {"verses": 17},
                {"verses": 20}
            ]
        },
            {
            "book": "1 Peter",
            "chapters": [
                {"verses": 25},
                {"verses": 25},
                {"verses": 22},
                {"verses": 19},
                {"verses": 14}
            ]
        },
            {
            "book": "2 Peter",
            "chapters": [
                {"verses": 21},
                {"verses": 22},
                {"verses": 18}
            ]
        },
            {
            "book": "1 John",
            "chapters": [
                {"verses": 10},
                {"verses": 29},
                {"verses": 24},
                {"verses": 21},
                {"verses": 21}
            ]
        },
            {
            "book": "2 John",
            "chapters": [
                {"verses": 13}
            ]
        },
            {
            "book": "3 John",
            "chapters": [
                {"verses": 15}
            ]
        },
            {
            "book": "Jude",
            "chapters": [
                {"verses": 25}
            ]
        },            {
            "book": "Revelation",
            "chapters": [
                {"verses": 20},
                {"verses": 29},
                {"verses": 22},
                {"verses": 11},
                {"verses": 14},
                {"verses": 17},
                {"verses": 17},
                {"verses": 13},
                {"verses": 21},
                {"verses": 11},
                {"verses": 19},
                {"verses": 17},
                {"verses": 18},
                {"verses": 20},
                {"verses": 8},
                {"verses": 21},
                {"verses": 18},
                {"verses": 24},
                {"verses": 21},
                {"verses": 15},
                {"verses": 27},
                {"verses": 21}
            ]
        }

        
        
    ]
}